,gridY,gridX,PredictedScore
0,0,0,0.02240264953557352
1,0,1,0.02240264953557352
2,0,2,0.02240264953557352
3,0,3,0.02240264953557352
4,0,4,0.02240264953557352
5,0,5,0.02240264953557352
6,0,6,0.02240264953557352
7,0,7,0.02240264953557352
8,0,8,0.02240264953557352
9,0,9,0.02240264953557352
10,0,10,0.02240264953557352
11,0,11,0.02240264953557352
12,0,12,0.02240264953557352
13,0,13,0.02240264953557352
14,0,14,0.02240264953557352
15,0,15,0.02240264953557352
16,0,16,0.02240264953557352
17,0,17,0.02240264953557352
18,0,18,0.02240264953557352
19,0,19,0.02240264953557352
20,0,20,0.02240264953557352
21,0,21,0.02240264953557352
22,0,22,0.02240264953557352
23,0,23,0.02240264953557352
24,0,24,0.9986910482567044
25,0,25,0.9999993434583788
26,0,26,0.8645478683877301
27,0,27,0.02240264953557352
28,0,28,0.02240264953557352
29,0,29,0.05414636714132732
30,0,30,0.9997504850012662
31,0,31,0.07192135594279171
32,1,0,0.02240264953557352
33,1,1,0.02240264953557352
34,1,2,0.02240264953557352
35,1,3,0.02240264953557352
36,1,4,0.02240264953557352
37,1,5,0.02240264953557352
38,1,6,0.02240264953557352
39,1,7,0.02240264953557352
40,1,8,0.02240264953557352
41,1,9,0.02240264953557352
42,1,10,0.02240264953557352
43,1,11,0.02240264953557352
44,1,12,0.02240264953557352
45,1,13,0.02240264953557352
46,1,14,0.02240264953557352
47,1,15,0.02240264953557352
48,1,16,0.02240264953557352
49,1,17,0.02240264953557352
50,1,18,0.02240264953557352
51,1,19,0.02240264953557352
52,1,20,0.02240264953557352
53,1,21,0.02240264953557352
54,1,22,0.9999920828220624
55,1,23,0.9999998734160607
56,1,24,0.9999972181325884
57,1,25,0.999996726142064
58,1,26,0.9753996133451334
59,1,27,0.02240264953557352
60,1,28,0.02240264953557352
61,1,29,0.5431189904311393
62,1,30,0.1618793841907237
63,1,31,0.02240264953557352
64,2,0,0.02240264953557352
65,2,1,0.02240264953557352
66,2,2,0.02240264953557352
67,2,3,0.02240264953557352
68,2,4,0.02240264953557352
69,2,5,0.02240264953557352
70,2,6,0.02240264953557352
71,2,7,0.02240264953557352
72,2,8,0.02240264953557352
73,2,9,0.02240264953557352
74,2,10,0.02240264953557352
75,2,11,0.02240264953557352
76,2,12,0.02240264953557352
77,2,13,0.02240264953557352
78,2,14,0.02240264953557352
79,2,15,0.02240264953557352
80,2,16,0.02240264953557352
81,2,17,0.02240264953557352
82,2,18,0.02240264953557352
83,2,19,0.07176872008299061
84,2,20,0.17249480826720062
85,2,21,0.9993882809082179
86,2,22,0.9999999990549675
87,2,23,1.0
88,2,24,1.0
89,2,25,0.02240264953557352
90,2,26,0.02240264953557352
91,2,27,0.02240264953557352
92,2,28,0.028003077573965567
93,2,29,0.03495349601869527
94,2,30,0.06713740798839671
95,2,31,0.02240264953557352
96,3,0,0.02240264953557352
97,3,1,0.02240264953557352
98,3,2,0.02240264953557352
99,3,3,0.02240264953557352
100,3,4,0.02240264953557352
101,3,5,0.02240264953557352
102,3,6,0.02240264953557352
103,3,7,0.02240264953557352
104,3,8,0.02240264953557352
105,3,9,0.02240264953557352
106,3,10,0.02240264953557352
107,3,11,0.02240264953557352
108,3,12,0.02240264953557352
109,3,13,0.02240264953557352
110,3,14,0.02240264953557352
111,3,15,0.02240264953557352
112,3,16,0.2924124750707558
113,3,17,0.5090226789682025
114,3,18,0.19501941348238183
115,3,19,0.9267676461660654
116,3,20,0.9999999978160747
117,3,21,0.9999999999962845
118,3,22,0.9999999999999882
119,3,23,1.0
120,3,24,1.0
121,3,25,0.9995239937739594
122,3,26,0.02240264953557352
123,3,27,0.02240264953557352
124,3,28,0.02240264953557352
125,3,29,0.02240264953557352
126,3,30,0.840905777474598
127,3,31,0.1088956596395844
128,4,0,0.02240264953557352
129,4,1,0.02240264953557352
130,4,2,0.02240264953557352
131,4,3,0.02240264953557352
132,4,4,0.02240264953557352
133,4,5,0.02240264953557352
134,4,6,0.02240264953557352
135,4,7,0.02240264953557352
136,4,8,0.02240264953557352
137,4,9,0.02240264953557352
138,4,10,0.02240264953557352
139,4,11,0.02240264953557352
140,4,12,0.02240264953557352
141,4,13,0.02240264953557352
142,4,14,0.02240264953557352
143,4,15,0.02240264953557352
144,4,16,0.10171308012173035
145,4,17,0.927205160420545
146,4,18,0.26186181698181543
147,4,19,0.9711008739238853
148,4,20,0.9996116123043948
149,4,21,0.9999999999741744
150,4,22,0.999999999756584
151,4,23,1.0
152,4,24,1.0
153,4,25,0.9999999999304439
154,4,26,0.10171308012173035
155,4,27,0.02240264953557352
156,4,28,0.8816861686900727
157,4,29,0.6007647943418796
158,4,30,0.9999957380699067
159,4,31,0.9999998613894744
160,5,0,0.02240264953557352
161,5,1,0.02240264953557352
162,5,2,0.02240264953557352
163,5,3,0.02240264953557352
164,5,4,0.02240264953557352
165,5,5,0.02240264953557352
166,5,6,0.02240264953557352
167,5,7,0.02240264953557352
168,5,8,0.02240264953557352
169,5,9,0.02240264953557352
170,5,10,0.02240264953557352
171,5,11,0.02240264953557352
172,5,12,0.02240264953557352
173,5,13,0.02240264953557352
174,5,14,0.02240264953557352
175,5,15,0.02240264953557352
176,5,16,0.03495349601869527
177,5,17,0.16969884922756642
178,5,18,0.06699419202497117
179,5,19,0.9844006918822403
180,5,20,0.9920857034026593
181,5,21,0.9999988024639533
182,5,22,1.0
183,5,23,1.0
184,5,24,1.0
185,5,25,0.9999995829427516
186,5,26,0.3743181710173492
187,5,27,0.16002470019123824
188,5,28,0.9999998723830862
189,5,29,0.9999392260663139
190,5,30,0.9995654407746558
191,5,31,0.9999999608884795
192,6,0,0.02240264953557352
193,6,1,0.02240264953557352
194,6,2,0.02240264953557352
195,6,3,0.02240264953557352
196,6,4,0.02240264953557352
197,6,5,0.02240264953557352
198,6,6,0.02240264953557352
199,6,7,0.02240264953557352
200,6,8,0.02240264953557352
201,6,9,0.02240264953557352
202,6,10,0.02240264953557352
203,6,11,0.02240264953557352
204,6,12,0.02240264953557352
205,6,13,0.02240264953557352
206,6,14,0.02240264953557352
207,6,15,0.02240264953557352
208,6,16,0.02240264953557352
209,6,17,0.02240264953557352
210,6,18,0.02240264953557352
211,6,19,0.5840328723399315
212,6,20,0.991995818044633
213,6,21,0.9999999999999338
214,6,22,0.9999999999999953
215,6,23,1.0
216,6,24,1.0
217,6,25,0.9999999942864046
218,6,26,0.9999999628633729
219,6,27,0.999998241945741
220,6,28,0.9999999999931926
221,6,29,0.999999572725274
222,6,30,0.9998664726414168
223,6,31,0.999916354074199
224,7,0,0.02240264953557352
225,7,1,0.02240264953557352
226,7,2,0.02240264953557352
227,7,3,0.02240264953557352
228,7,4,0.02240264953557352
229,7,5,0.02240264953557352
230,7,6,0.02240264953557352
231,7,7,0.02240264953557352
232,7,8,0.02240264953557352
233,7,9,0.02240264953557352
234,7,10,0.02240264953557352
235,7,11,0.02240264953557352
236,7,12,0.02240264953557352
237,7,13,0.02240264953557352
238,7,14,0.08262424144291021
239,7,15,0.7168796106518289
240,7,16,0.7329958632247751
241,7,17,0.3775621968980972
242,7,18,0.671246135004859
243,7,19,0.09474921326946759
244,7,20,0.9999999999827724
245,7,21,1.0
246,7,22,1.0
247,7,23,0.9999999762702753
248,7,24,0.999999999980971
249,7,25,1.0
250,7,26,0.9999999955581307
251,7,27,0.9999999999106342
252,7,28,0.9999999991002624
253,7,29,1.0
254,7,30,0.9999999999714788
255,7,31,0.02240264953557352
256,8,0,0.02240264953557352
257,8,1,0.02240264953557352
258,8,2,0.02240264953557352
259,8,3,0.02240264953557352
260,8,4,0.02240264953557352
261,8,5,0.02240264953557352
262,8,6,0.02240264953557352
263,8,7,0.02240264953557352
264,8,8,0.02240264953557352
265,8,9,0.02240264953557352
266,8,10,0.02240264953557352
267,8,11,0.02240264953557352
268,8,12,0.02240264953557352
269,8,13,0.02240264953557352
270,8,14,0.1718423318723811
271,8,15,0.9999984978165813
272,8,16,0.9999999888447783
273,8,17,0.9999999992361883
274,8,18,0.9999892065619732
275,8,19,0.9997970795748017
276,8,20,1.0
277,8,21,1.0
278,8,22,1.0
279,8,23,0.9999999999999576
280,8,24,0.9999999999999996
281,8,25,1.0
282,8,26,1.0
283,8,27,0.9999999999999727
284,8,28,0.9999999999999918
285,8,29,1.0
286,8,30,0.9999993160523569
287,8,31,0.02240264953557352
288,9,0,0.02240264953557352
289,9,1,0.02240264953557352
290,9,2,0.02240264953557352
291,9,3,0.02240264953557352
292,9,4,0.02240264953557352
293,9,5,0.02240264953557352
294,9,6,0.02240264953557352
295,9,7,0.02240264953557352
296,9,8,0.02240264953557352
297,9,9,0.02240264953557352
298,9,10,0.02240264953557352
299,9,11,0.02240264953557352
300,9,12,0.02240264953557352
301,9,13,0.02240264953557352
302,9,14,0.38876253428667673
303,9,15,0.15120890924305552
304,9,16,0.9980502591047379
305,9,17,0.9999999956108045
306,9,18,0.9995837923332956
307,9,19,0.999999995471031
308,9,20,1.0
309,9,21,1.0
310,9,22,1.0
311,9,23,1.0
312,9,24,1.0
313,9,25,1.0
314,9,26,1.0
315,9,27,1.0
316,9,28,1.0
317,9,29,1.0
318,9,30,0.7329775386497063
319,9,31,0.02240264953557352
320,10,0,0.02240264953557352
321,10,1,0.02240264953557352
322,10,2,0.02240264953557352
323,10,3,0.02240264953557352
324,10,4,0.02240264953557352
325,10,5,0.02240264953557352
326,10,6,0.02240264953557352
327,10,7,0.02240264953557352
328,10,8,0.02240264953557352
329,10,9,0.02240264953557352
330,10,10,0.053912388385035134
331,10,11,0.028003077573965567
332,10,12,0.028003077573965567
333,10,13,0.02240264953557352
334,10,14,0.23264844340777976
335,10,15,0.9984895712921749
336,10,16,0.9999999999558205
337,10,17,0.9999999995942659
338,10,18,1.0
339,10,19,1.0
340,10,20,1.0
341,10,21,1.0
342,10,22,1.0
343,10,23,1.0
344,10,24,1.0
345,10,25,1.0
346,10,26,1.0
347,10,27,1.0
348,10,28,1.0
349,10,29,0.16904163619181875
350,10,30,0.02240264953557352
351,10,31,0.02240264953557352
352,11,0,0.02240264953557352
353,11,1,0.02240264953557352
354,11,2,0.02240264953557352
355,11,3,0.02240264953557352
356,11,4,0.02240264953557352
357,11,5,0.02240264953557352
358,11,6,0.02240264953557352
359,11,7,0.02240264953557352
360,11,8,0.02240264953557352
361,11,9,0.02240264953557352
362,11,10,0.9078019883815863
363,11,11,0.9994218928688133
364,11,12,0.9999999778990127
365,11,13,0.9393385727535356
366,11,14,0.9913878853063813
367,11,15,0.9999999999536746
368,11,16,0.9999999999999998
369,11,17,1.0
370,11,18,1.0
371,11,19,1.0
372,11,20,1.0
373,11,21,1.0
374,11,22,1.0
375,11,23,0.9999999996930309
376,11,24,1.0
377,11,25,1.0
378,11,26,0.9999999999999987
379,11,27,0.983726781024808
380,11,28,0.06083438012300968
381,11,29,0.02240264953557352
382,11,30,0.02240264953557352
383,11,31,0.02240264953557352
384,12,0,0.02240264953557352
385,12,1,0.02240264953557352
386,12,2,0.02240264953557352
387,12,3,0.02240264953557352
388,12,4,0.02240264953557352
389,12,5,0.02240264953557352
390,12,6,0.02240264953557352
391,12,7,0.02240264953557352
392,12,8,0.02240264953557352
393,12,9,0.02240264953557352
394,12,10,0.9948867983815269
395,12,11,0.9999745757329983
396,12,12,0.9978785750907777
397,12,13,0.9999692363351228
398,12,14,0.9999999978237448
399,12,15,0.9999999971890252
400,12,16,0.9999999999976426
401,12,17,1.0
402,12,18,1.0
403,12,19,0.9999999999999991
404,12,20,1.0
405,12,21,1.0
406,12,22,1.0
407,12,23,1.0
408,12,24,1.0
409,12,25,0.999999782302816
410,12,26,0.9999190917012653
411,12,27,0.9999274046106901
412,12,28,0.02240264953557352
413,12,29,0.02240264953557352
414,12,30,0.02240264953557352
415,12,31,0.02240264953557352
416,13,0,0.02240264953557352
417,13,1,0.02240264953557352
418,13,2,0.02240264953557352
419,13,3,0.02240264953557352
420,13,4,0.02240264953557352
421,13,5,0.02240264953557352
422,13,6,0.02240264953557352
423,13,7,0.02240264953557352
424,13,8,0.02240264953557352
425,13,9,0.02240264953557352
426,13,10,0.030088408624187435
427,13,11,0.07192135594279171
428,13,12,0.06699419202497117
429,13,13,0.9438060095194343
430,13,14,0.9999999991194068
431,13,15,0.9999999946317886
432,13,16,0.9999999999847451
433,13,17,0.9999999999928799
434,13,18,0.9999999999999365
435,13,19,0.9999999999971474
436,13,20,1.0
437,13,21,1.0
438,13,22,0.9999999994796172
439,13,23,0.9999995835646049
440,13,24,1.0
441,13,25,1.0
442,13,26,0.9999999996878677
443,13,27,0.9998116045925127
444,13,28,0.02240264953557352
445,13,29,0.02240264953557352
446,13,30,0.02240264953557352
447,13,31,0.02240264953557352
448,14,0,0.02240264953557352
449,14,1,0.02240264953557352
450,14,2,0.02240264953557352
451,14,3,0.02240264953557352
452,14,4,0.02240264953557352
453,14,5,0.02240264953557352
454,14,6,0.02240264953557352
455,14,7,0.02240264953557352
456,14,8,0.02240264953557352
457,14,9,0.02240264953557352
458,14,10,0.02240264953557352
459,14,11,0.02240264953557352
460,14,12,0.02240264953557352
461,14,13,0.07192135594279171
462,14,14,0.9951938959154665
463,14,15,0.8341980688108356
464,14,16,0.9653985633019049
465,14,17,1.0
466,14,18,1.0
467,14,19,0.9999998982673944
468,14,20,0.9999999999826112
469,14,21,0.5215077733554758
470,14,22,0.9999944349669628
471,14,23,0.9999999999947355
472,14,24,1.0
473,14,25,1.0
474,14,26,0.9999155317044882
475,14,27,0.02240264953557352
476,14,28,0.02240264953557352
477,14,29,0.02240264953557352
478,14,30,0.02240264953557352
479,14,31,0.02240264953557352
480,15,0,0.02240264953557352
481,15,1,0.02240264953557352
482,15,2,0.02240264953557352
483,15,3,0.02240264953557352
484,15,4,0.02240264953557352
485,15,5,0.02240264953557352
486,15,6,0.02240264953557352
487,15,7,0.02240264953557352
488,15,8,0.02240264953557352
489,15,9,0.02240264953557352
490,15,10,0.02240264953557352
491,15,11,0.02240264953557352
492,15,12,0.02240264953557352
493,15,13,0.02240264953557352
494,15,14,0.02240264953557352
495,15,15,0.027940841674398628
496,15,16,0.05414636714132732
497,15,17,0.9999996823778882
498,15,18,0.9999999999975446
499,15,19,0.999999999999122
500,15,20,0.9999999999999998
501,15,21,0.9710169125670389
502,15,22,0.9999998312313588
503,15,23,0.999999861439442
504,15,24,1.0
505,15,25,0.9999999999987366
506,15,26,0.04030224579058907
507,15,27,0.02240264953557352
508,15,28,0.02240264953557352
509,15,29,0.02240264953557352
510,15,30,0.02240264953557352
511,15,31,0.02240264953557352
512,16,0,0.02240264953557352
513,16,1,0.02240264953557352
514,16,2,0.02240264953557352
515,16,3,0.02240264953557352
516,16,4,0.02240264953557352
517,16,5,0.02240264953557352
518,16,6,0.02240264953557352
519,16,7,0.02240264953557352
520,16,8,0.02240264953557352
521,16,9,0.02240264953557352
522,16,10,0.02240264953557352
523,16,11,0.02240264953557352
524,16,12,0.02240264953557352
525,16,13,0.02240264953557352
526,16,14,0.028003077573965567
527,16,15,0.9999999999999853
528,16,16,1.0
529,16,17,0.9999999999999505
530,16,18,0.9948507879284094
531,16,19,0.9922935222320975
532,16,20,0.9987398546798191
533,16,21,0.9999999999776101
534,16,22,0.9999999999999998
535,16,23,0.9999999999977836
536,16,24,1.0
537,16,25,0.29193909603198664
538,16,26,0.02240264953557352
539,16,27,0.02240264953557352
540,16,28,0.02240264953557352
541,16,29,0.02240264953557352
542,16,30,0.02240264953557352
543,16,31,0.02240264953557352
544,17,0,0.02240264953557352
545,17,1,0.02240264953557352
546,17,2,0.02240264953557352
547,17,3,0.02240264953557352
548,17,4,0.02240264953557352
549,17,5,0.02240264953557352
550,17,6,0.02240264953557352
551,17,7,0.02240264953557352
552,17,8,0.02240264953557352
553,17,9,0.02240264953557352
554,17,10,0.02240264953557352
555,17,11,0.02240264953557352
556,17,12,0.02240264953557352
557,17,13,0.02240264953557352
558,17,14,0.030088408624187435
559,17,15,1.0
560,17,16,1.0
561,17,17,1.0
562,17,18,1.0
563,17,19,1.0
564,17,20,0.999999999999559
565,17,21,0.999999906053684
566,17,22,0.9999994588887696
567,17,23,0.9999999999982896
568,17,24,0.999999996003267
569,17,25,0.02240264953557352
570,17,26,0.02240264953557352
571,17,27,0.02240264953557352
572,17,28,0.02240264953557352
573,17,29,0.02240264953557352
574,17,30,0.02240264953557352
575,17,31,0.02240264953557352
576,18,0,0.02240264953557352
577,18,1,0.02240264953557352
578,18,2,0.02240264953557352
579,18,3,0.02240264953557352
580,18,4,0.02240264953557352
581,18,5,0.02240264953557352
582,18,6,0.02240264953557352
583,18,7,0.02240264953557352
584,18,8,0.02240264953557352
585,18,9,0.02240264953557352
586,18,10,0.02240264953557352
587,18,11,0.02240264953557352
588,18,12,0.9876633938905074
589,18,13,0.05379575685452511
590,18,14,0.12359737272383545
591,18,15,1.0
592,18,16,1.0
593,18,17,1.0
594,18,18,1.0
595,18,19,0.9999096854322026
596,18,20,0.9999999969062081
597,18,21,1.0
598,18,22,0.9999999890841921
599,18,23,0.9999999851777277
600,18,24,0.9999974482854084
601,18,25,0.08262424144291021
602,18,26,0.02240264953557352
603,18,27,0.02240264953557352
604,18,28,0.02240264953557352
605,18,29,0.02240264953557352
606,18,30,0.02240264953557352
607,18,31,0.02240264953557352
608,19,0,0.02240264953557352
609,19,1,0.02240264953557352
610,19,2,0.02240264953557352
611,19,3,0.02240264953557352
612,19,4,0.02240264953557352
613,19,5,0.02240264953557352
614,19,6,0.02240264953557352
615,19,7,0.02240264953557352
616,19,8,0.02240264953557352
617,19,9,0.02240264953557352
618,19,10,0.02240264953557352
619,19,11,0.02240264953557352
620,19,12,1.0
621,19,13,1.0
622,19,14,1.0
623,19,15,1.0
624,19,16,1.0
625,19,17,1.0
626,19,18,1.0
627,19,19,1.0
628,19,20,0.999999230178199
629,19,21,0.9999998143951396
630,19,22,0.9999999999976494
631,19,23,1.0
632,19,24,0.9998084367621018
633,19,25,0.02240264953557352
634,19,26,0.02240264953557352
635,19,27,0.02240264953557352
636,19,28,0.02240264953557352
637,19,29,0.02240264953557352
638,19,30,0.02240264953557352
639,19,31,0.02240264953557352
640,20,0,0.02240264953557352
641,20,1,0.02240264953557352
642,20,2,0.02240264953557352
643,20,3,0.02240264953557352
644,20,4,0.02240264953557352
645,20,5,0.02240264953557352
646,20,6,0.02240264953557352
647,20,7,0.02240264953557352
648,20,8,0.02240264953557352
649,20,9,0.02240264953557352
650,20,10,0.02240264953557352
651,20,11,0.02240264953557352
652,20,12,1.0
653,20,13,1.0
654,20,14,1.0
655,20,15,1.0
656,20,16,1.0
657,20,17,1.0
658,20,18,1.0
659,20,19,1.0
660,20,20,1.0
661,20,21,0.9999999999967937
662,20,22,0.9999999999999736
663,20,23,1.0
664,20,24,0.9999999999524336
665,20,25,0.20438160539379202
666,20,26,0.02240264953557352
667,20,27,0.02240264953557352
668,20,28,0.02240264953557352
669,20,29,0.02240264953557352
670,20,30,0.02240264953557352
671,20,31,0.02240264953557352
672,21,0,0.02240264953557352
673,21,1,0.02240264953557352
674,21,2,0.02240264953557352
675,21,3,0.02240264953557352
676,21,4,0.02240264953557352
677,21,5,0.02240264953557352
678,21,6,0.02240264953557352
679,21,7,0.02240264953557352
680,21,8,0.02240264953557352
681,21,9,0.02240264953557352
682,21,10,0.02240264953557352
683,21,11,0.02240264953557352
684,21,12,1.0
685,21,13,1.0
686,21,14,1.0
687,21,15,1.0
688,21,16,1.0
689,21,17,1.0
690,21,18,1.0
691,21,19,0.9999999999999991
692,21,20,1.0
693,21,21,0.9999999996199356
694,21,22,0.9999999999999984
695,21,23,1.0
696,21,24,0.9999992550876722
697,21,25,0.02039240860226145
698,21,26,0.02240264953557352
699,21,27,0.02240264953557352
700,21,28,0.02240264953557352
701,21,29,0.02240264953557352
702,21,30,0.02240264953557352
703,21,31,0.02240264953557352
704,22,0,0.02240264953557352
705,22,1,0.02240264953557352
706,22,2,0.02240264953557352
707,22,3,0.02240264953557352
708,22,4,0.02240264953557352
709,22,5,0.02240264953557352
710,22,6,0.02240264953557352
711,22,7,0.02240264953557352
712,22,8,0.02240264953557352
713,22,9,0.06097064874225783
714,22,10,0.8237122534059546
715,22,11,0.9999569977522765
716,22,12,1.0
717,22,13,1.0
718,22,14,0.9999999999555518
719,22,15,1.0
720,22,16,1.0
721,22,17,1.0
722,22,18,1.0
723,22,19,1.0
724,22,20,0.9999999999999953
725,22,21,0.9999920840569329
726,22,22,1.0
727,22,23,0.9999999999906763
728,22,24,0.02240264953557352
729,22,25,0.02240264953557352
730,22,26,0.02240264953557352
731,22,27,0.02240264953557352
732,22,28,0.02240264953557352
733,22,29,0.02240264953557352
734,22,30,0.02240264953557352
735,22,31,0.02240264953557352
736,23,0,0.02240264953557352
737,23,1,0.02240264953557352
738,23,2,0.02240264953557352
739,23,3,0.02240264953557352
740,23,4,0.02240264953557352
741,23,5,0.02240264953557352
742,23,6,0.02240264953557352
743,23,7,0.02240264953557352
744,23,8,0.02240264953557352
745,23,9,0.5270190649566093
746,23,10,0.9995277079000257
747,23,11,0.9999999999984923
748,23,12,1.0
749,23,13,1.0
750,23,14,1.0
751,23,15,1.0
752,23,16,1.0
753,23,17,0.9999999999999996
754,23,18,0.999999999999738
755,23,19,0.9999999996313327
756,23,20,0.999999998484715
757,23,21,0.9999999998682629
758,23,22,0.9999999999999734
759,23,23,0.9949311387797184
760,23,24,0.02240264953557352
761,23,25,0.02240264953557352
762,23,26,0.02240264953557352
763,23,27,0.02240264953557352
764,23,28,0.02240264953557352
765,23,29,0.02240264953557352
766,23,30,0.02240264953557352
767,23,31,0.02240264953557352
768,24,0,0.02240264953557352
769,24,1,0.02240264953557352
770,24,2,0.02240264953557352
771,24,3,0.02240264953557352
772,24,4,0.02240264953557352
773,24,5,0.02240264953557352
774,24,6,0.02240264953557352
775,24,7,0.1088956596395844
776,24,8,0.5241420081201409
777,24,9,0.9999443654939218
778,24,10,0.9999999989642607
779,24,11,0.9999999999762719
780,24,12,1.0
781,24,13,1.0
782,24,14,1.0
783,24,15,0.9999999999990214
784,24,16,1.0
785,24,17,1.0
786,24,18,0.9999999998335531
787,24,19,0.999999999748538
788,24,20,0.9999795517155934
789,24,21,0.9999999857780075
790,24,22,0.9999999999999996
791,24,23,0.48660511055446026
792,24,24,0.02240264953557352
793,24,25,0.02240264953557352
794,24,26,0.02240264953557352
795,24,27,0.02240264953557352
796,24,28,0.02240264953557352
797,24,29,0.02240264953557352
798,24,30,0.02240264953557352
799,24,31,0.02240264953557352
800,25,0,0.02240264953557352
801,25,1,0.02240264953557352
802,25,2,0.028003077573965567
803,25,3,0.02240264953557352
804,25,4,0.02240264953557352
805,25,5,0.02240264953557352
806,25,6,0.02240264953557352
807,25,7,0.979645038736407
808,25,8,0.9611893341961851
809,25,9,0.9999964151123835
810,25,10,0.9999884309386373
811,25,11,0.999999423865843
812,25,12,0.9999999999883933
813,25,13,0.9999999999994857
814,25,14,0.9999999999459608
815,25,15,0.9999999999998277
816,25,16,0.999999999999595
817,25,17,0.9999999963740864
818,25,18,0.9364635277855079
819,25,19,0.9999948085434567
820,25,20,0.9999997826284059
821,25,21,1.0
822,25,22,1.0
823,25,23,0.02240264953557352
824,25,24,0.02240264953557352
825,25,25,0.02240264953557352
826,25,26,0.02240264953557352
827,25,27,0.02240264953557352
828,25,28,0.02240264953557352
829,25,29,0.02240264953557352
830,25,30,0.02240264953557352
831,25,31,0.02240264953557352
832,26,0,0.02240264953557352
833,26,1,0.2591799473956497
834,26,2,0.02240264953557352
835,26,3,0.03495349601869527
836,26,4,0.02240264953557352
837,26,5,0.02240264953557352
838,26,6,0.034876367306221484
839,26,7,0.15890368208393982
840,26,8,0.05793718105398506
841,26,9,0.21968834181977226
842,26,10,0.21632740143400817
843,26,11,0.9999994686077806
844,26,12,0.9999999868963676
845,26,13,0.9999999999910243
846,26,14,0.9999999962051522
847,26,15,0.9999999999998086
848,26,16,0.9999999999999996
849,26,17,1.0
850,26,18,0.9999996269175098
851,26,19,0.999992061490804
852,26,20,0.9999999279973869
853,26,21,0.9999999999998515
854,26,22,0.9999998659456517
855,26,23,0.4737902906010515
856,26,24,0.02240264953557352
857,26,25,0.02240264953557352
858,26,26,0.02240264953557352
859,26,27,0.02240264953557352
860,26,28,0.02240264953557352
861,26,29,0.02240264953557352
862,26,30,0.02240264953557352
863,26,31,0.02240264953557352
864,27,0,0.02240264953557352
865,27,1,0.03185373523607552
866,27,2,0.07546183070195984
867,27,3,0.03495349601869527
868,27,4,0.027940841674398628
869,27,5,0.02240264953557352
870,27,6,0.7869685692549778
871,27,7,0.1515029207508535
872,27,8,0.058062240403262126
873,27,9,0.21968834181977226
874,27,10,0.42720107766474735
875,27,11,0.999936645691386
876,27,12,0.9999999980390477
877,27,13,0.9999999998135631
878,27,14,0.9999996030996866
879,27,15,0.9999999999905722
880,27,16,1.0
881,27,17,1.0
882,27,18,0.9999999999783602
883,27,19,0.9999999015805349
884,27,20,0.9999998933766483
885,27,21,1.0
886,27,22,0.9999899370941941
887,27,23,0.02240264953557352
888,27,24,0.02240264953557352
889,27,25,0.02240264953557352
890,27,26,0.02240264953557352
891,27,27,0.02240264953557352
892,27,28,0.02240264953557352
893,27,29,0.02240264953557352
894,27,30,0.02240264953557352
895,27,31,0.02240264953557352
896,28,0,0.02240264953557352
897,28,1,0.9970361594124206
898,28,2,0.06699419202497117
899,28,3,0.8934907407014088
900,28,4,0.02240264953557352
901,28,5,0.02240264953557352
902,28,6,0.9983958877942662
903,28,7,0.9041635970685079
904,28,8,0.773903681749188
905,28,9,0.9998752836380387
906,28,10,0.9976049446472882
907,28,11,0.9983039973576084
908,28,12,0.999973325405923
909,28,13,0.43037082406337746
910,28,14,0.37184851810874264
911,28,15,0.5812270467967078
912,28,16,0.9453274067132474
913,28,17,0.9999995528533573
914,28,18,0.9999999999998097
915,28,19,0.9817936437251319
916,28,20,0.9999996129559526
917,28,21,0.9999999999999873
918,28,22,0.028003077573965567
919,28,23,0.02240264953557352
920,28,24,0.02240264953557352
921,28,25,0.02240264953557352
922,28,26,0.02240264953557352
923,28,27,0.02240264953557352
924,28,28,0.02240264953557352
925,28,29,0.02240264953557352
926,28,30,0.02240264953557352
927,28,31,0.02240264953557352
928,29,0,0.04355172594203982
929,29,1,0.02240264953557352
930,29,2,0.02240264953557352
931,29,3,0.10150413347731893
932,29,4,0.02240264953557352
933,29,5,0.02240264953557352
934,29,6,0.02240264953557352
935,29,7,0.02240264953557352
936,29,8,0.20404994929764067
937,29,9,0.33746222884843885
938,29,10,0.9733470740438754
939,29,11,0.9658513208447037
940,29,12,0.29288630418562167
941,29,13,0.29193909603198664
942,29,14,0.18366785089896673
943,29,15,0.6526405266536208
944,29,16,0.9447279852459086
945,29,17,0.9999999999579396
946,29,18,1.0
947,29,19,0.9999999999869893
948,29,20,0.9999999999888434
949,29,21,0.9999998908344613
950,29,22,0.02240264953557352
951,29,23,0.02240264953557352
952,29,24,0.02240264953557352
953,29,25,0.02240264953557352
954,29,26,0.02240264953557352
955,29,27,0.02240264953557352
956,29,28,0.02240264953557352
957,29,29,0.02240264953557352
958,29,30,0.02240264953557352
959,29,31,0.02240264953557352
960,30,0,0.02240264953557352
961,30,1,0.03495349601869527
962,30,2,0.02240264953557352
963,30,3,0.02240264953557352
964,30,4,0.02240264953557352
965,30,5,0.02240264953557352
966,30,6,0.02240264953557352
967,30,7,0.02240264953557352
968,30,8,0.6388832510787537
969,30,9,0.1943017414540809
970,30,10,0.037453815332146305
971,30,11,0.028003077573965567
972,30,12,0.05414636714132732
973,30,13,0.02240264953557352
974,30,14,0.02240264953557352
975,30,15,0.02240264953557352
976,30,16,0.02240264953557352
977,30,17,0.9546224824369612
978,30,18,0.9999997313676565
979,30,19,0.9999999787574341
980,30,20,1.0
981,30,21,0.9999746228746056
982,30,22,0.02240264953557352
983,30,23,0.02240264953557352
984,30,24,0.02240264953557352
985,30,25,0.02240264953557352
986,30,26,0.02240264953557352
987,30,27,0.02240264953557352
988,30,28,0.02240264953557352
989,30,29,0.02240264953557352
990,30,30,0.02240264953557352
991,30,31,0.02240264953557352
992,31,0,0.02240264953557352
993,31,1,0.02240264953557352
994,31,2,0.02240264953557352
995,31,3,0.02240264953557352
996,31,4,0.02240264953557352
997,31,5,0.02240264953557352
998,31,6,0.02240264953557352
999,31,7,0.02240264953557352
1000,31,8,0.04345647865449441
1001,31,9,0.26097791248306157
1002,31,10,0.02240264953557352
1003,31,11,0.03479940264956204
1004,31,12,0.02240264953557352
1005,31,13,0.02240264953557352
1006,31,14,0.02240264953557352
1007,31,15,0.02240264953557352
1008,31,16,0.02240264953557352
1009,31,17,0.4129294683889512
1010,31,18,0.9999823222678336
1011,31,19,0.9999999999999962
1012,31,20,1.0
1013,31,21,0.14222534790643804
1014,31,22,0.02240264953557352
1015,31,23,0.02240264953557352
1016,31,24,0.02240264953557352
1017,31,25,0.02240264953557352
1018,31,26,0.02240264953557352
1019,31,27,0.02240264953557352
1020,31,28,0.02240264953557352
1021,31,29,0.02240264953557352
1022,31,30,0.02240264953557352
1023,31,31,0.02240264953557352
